<?xml version="1.0" encoding="UTF-8"?>
<rss version="2.0" xmlns:ror="http://rorweb.com/0.1/" >
<channel>
  <title>ROR Sitemap for https://indiator.com/</title>
  <link>https://indiator.com/</link>

<item>
     <link>https://indiator.com/</link>
     <title>Holiday Packages,Tour Packages in India #1 Tours &amp;amp; Travel Portal</title>
     <description>Book Holiday Packages in India: holiday packages, vacation holiday packages and other tour packages with Indiator. We offer various offers like special tours, group tours, day trip and excursion packages, India’s #1 Transfers, Things to Do, Activity N Day Tours Portal!</description>
     <ror:updatePeriod>daily</ror:updatePeriod>
     <ror:sortOrder>0</ror:sortOrder>
     <ror:resourceOf>sitemap</ror:resourceOf>
</item>
<item>
     <link>https://indiator.com/agent_registration.php</link>
     <title>Agent Login and Register - Indiator</title>
     <description>travel, trip, store, shopping, siteweb, cart</description>
     <ror:updatePeriod>daily</ror:updatePeriod>
     <ror:sortOrder>1</ror:sortOrder>
     <ror:resourceOf>sitemap</ror:resourceOf>
</item>
<item>
     <link>https://indiator.com/tourist-places/</link>
     <title>Indian Destinations - Tourist Places</title>
     <description>Indian Destinations - Tourist Places</description>
     <ror:updatePeriod>daily</ror:updatePeriod>
     <ror:sortOrder>1</ror:sortOrder>
     <ror:resourceOf>sitemap</ror:resourceOf>
</item>
<item>
     <link>https://indiator.com/tourist-places/delhi/</link>
     <title>Delhi Tour Packages | New Delhi Holiday Packages -Indiator.com</title>
     <description>Book your Delhi Tour Packages,Delhi Tours with an ease,delhi hoilday package offer by indiator.com within your budget. delhi tour packages @+91 987 110 7030</description>
     <ror:updatePeriod>daily</ror:updatePeriod>
     <ror:sortOrder>1</ror:sortOrder>
     <ror:resourceOf>sitemap</ror:resourceOf>
</item>
<item>
     <link>https://indiator.com/tourist-places/kerala/</link>
     <title>Kerala - Tourist Places</title>
     <description>Kerala - Tourist Places</description>
     <ror:updatePeriod>daily</ror:updatePeriod>
     <ror:sortOrder>1</ror:sortOrder>
     <ror:resourceOf>sitemap</ror:resourceOf>
</item>
<item>
     <link>https://indiator.com/tourist-places/goa/</link>
     <title>Goa - Tourist Places</title>
     <description>Goa - Tourist Places</description>
     <ror:updatePeriod>daily</ror:updatePeriod>
     <ror:sortOrder>1</ror:sortOrder>
     <ror:resourceOf>sitemap</ror:resourceOf>
</item>
<item>
     <link>https://indiator.com/tourist-places/bangalore/</link>
     <title>Bangalore - Tourist Places</title>
     <description>Bangalore - Tourist Places</description>
     <ror:updatePeriod>daily</ror:updatePeriod>
     <ror:sortOrder>1</ror:sortOrder>
     <ror:resourceOf>sitemap</ror:resourceOf>
</item>
<item>
     <link>https://indiator.com/special-offers</link>
     <title>Indiator</title>
     <description>travel, trip, store, shopping, siteweb, cart</description>
     <ror:updatePeriod>daily</ror:updatePeriod>
     <ror:sortOrder>1</ror:sortOrder>
     <ror:resourceOf>sitemap</ror:resourceOf>
</item>
<item>
     <link>https://indiator.com/tourist-places/blog/</link>
     <title>Blog - Tourist Places</title>
     <description>Blog - Tourist Places</description>
     <ror:updatePeriod>daily</ror:updatePeriod>
     <ror:sortOrder>1</ror:sortOrder>
     <ror:resourceOf>sitemap</ror:resourceOf>
</item>
<item>
     <link>https://indiator.com/contact</link>
     <title>Indiator</title>
     <description>travel, trip, store, shopping, siteweb, cart</description>
     <ror:updatePeriod>daily</ror:updatePeriod>
     <ror:sortOrder>1</ror:sortOrder>
     <ror:resourceOf>sitemap</ror:resourceOf>
</item>
<item>
     <link>https://indiator.com/Cochin/Day-Trips-and-Excursions/15/3</link>
     <title>Cochin - Day-Trips-and-Excursions Indiator</title>
     <description>Cochin Sightseeing Tours, Cochin holiday packages, Cochin tour packages, Cochin Tours, Cochin honeymoon tour</description>
     <ror:updatePeriod>daily</ror:updatePeriod>
     <ror:sortOrder>1</ror:sortOrder>
     <ror:resourceOf>sitemap</ror:resourceOf>
</item>
<item>
     <link>https://indiator.com/Cochin/Airport-or-Railway-Transfer/15/6</link>
     <title>Cochin - Airport-or-Railway-Transfer Indiator</title>
     <description>Cochin Sightseeing Tours, Cochin holiday packages, Cochin tour packages, Cochin Tours, Cochin honeymoon tour</description>
     <ror:updatePeriod>daily</ror:updatePeriod>
     <ror:sortOrder>1</ror:sortOrder>
     <ror:resourceOf>sitemap</ror:resourceOf>
</item>
<item>
     <link>https://indiator.com/Cochin/Multi-Days-Tours/15/2</link>
     <title>Cochin - Multi-Days-Tours Indiator</title>
     <description>Cochin Sightseeing Tours, Cochin holiday packages, Cochin tour packages, Cochin Tours, Cochin honeymoon tour</description>
     <ror:updatePeriod>daily</ror:updatePeriod>
     <ror:sortOrder>1</ror:sortOrder>
     <ror:resourceOf>sitemap</ror:resourceOf>
</item>
<item>
     <link>https://indiator.com/affiliates.php</link>
     <title>Affliates</title>
     <description>travel, trip, store, shopping, siteweb, cart</description>
     <ror:updatePeriod>daily</ror:updatePeriod>
     <ror:sortOrder>1</ror:sortOrder>
     <ror:resourceOf>sitemap</ror:resourceOf>
</item>
<item>
     <link>https://indiator.com/privacy.php</link>
     <title>Privacy</title>
     <description>travel, trip, store, shopping, siteweb, cart</description>
     <ror:updatePeriod>daily</ror:updatePeriod>
     <ror:sortOrder>1</ror:sortOrder>
     <ror:resourceOf>sitemap</ror:resourceOf>
</item>
<item>
     <link>https://indiator.com/about-us.php</link>
     <title>About Indiator</title>
     <description>travel, trip, store, shopping, siteweb, cart</description>
     <ror:updatePeriod>daily</ror:updatePeriod>
     <ror:sortOrder>1</ror:sortOrder>
     <ror:resourceOf>sitemap</ror:resourceOf>
</item>
<item>
     <link>https://indiator.com/media.php</link>
     <title>Media Indiator</title>
     <description>travel, trip, store, shopping, siteweb, cart</description>
     <ror:updatePeriod>daily</ror:updatePeriod>
     <ror:sortOrder>1</ror:sortOrder>
     <ror:resourceOf>sitemap</ror:resourceOf>
</item>
<item>
     <link>https://indiator.com/user-agreement.php</link>
     <title>User Agreement</title>
     <description>travel, trip, store, shopping, siteweb, cart</description>
     <ror:updatePeriod>daily</ror:updatePeriod>
     <ror:sortOrder>1</ror:sortOrder>
     <ror:resourceOf>sitemap</ror:resourceOf>
</item>
<item>
     <link>https://indiator.com/booking-condition.php</link>
     <title>Booking Condition</title>
     <description>travel, trip, store, shopping, siteweb, cart</description>
     <ror:updatePeriod>daily</ror:updatePeriod>
     <ror:sortOrder>1</ror:sortOrder>
     <ror:resourceOf>sitemap</ror:resourceOf>
</item>
<item>
     <link>https://indiator.com/pay-online.php</link>
     <title>Indiator</title>
     <description>travel, trip, store, shopping, siteweb, cart</description>
     <ror:updatePeriod>daily</ror:updatePeriod>
     <ror:sortOrder>1</ror:sortOrder>
     <ror:resourceOf>sitemap</ror:resourceOf>
</item>
<item>
     <link>https://indiator.com/pay-inr.php</link>
     <title>Indiator</title>
     <description>travel, trip, store, shopping, siteweb, cart</description>
     <ror:updatePeriod>daily</ror:updatePeriod>
     <ror:sortOrder>1</ror:sortOrder>
     <ror:resourceOf>sitemap</ror:resourceOf>
</item>
<item>
     <link>https://indiator.com/tourist-places/mumbai/</link>
     <title>Mumbai - Tourist Places</title>
     <description>Mumbai - Tourist Places</description>
     <ror:updatePeriod>daily</ror:updatePeriod>
     <ror:sortOrder>2</ror:sortOrder>
     <ror:resourceOf>sitemap</ror:resourceOf>
</item>
<item>
     <link>https://indiator.com/tourist-places/blog/top-10-travel-destination-india/</link>
     <title>Top 10 Travel Destination in India - Tourist Places</title>
     <description>Top 10 Travel Destination in India - Tourist Places</description>
     <ror:updatePeriod>daily</ror:updatePeriod>
     <ror:sortOrder>2</ror:sortOrder>
     <ror:resourceOf>sitemap</ror:resourceOf>
</item>
<item>
     <link>https://indiator.com/tourist-places/blog/category/tour-and-travels/</link>
     <title>Tour and Travels Archives - Tourist Places</title>
     <description>Tour and Travels Archives - Tourist Places</description>
     <ror:updatePeriod>daily</ror:updatePeriod>
     <ror:sortOrder>2</ror:sortOrder>
     <ror:resourceOf>sitemap</ror:resourceOf>
</item>
<item>
     <link>https://indiator.com/tourist-places/blog/10-travel-tips-rajasthan-india/</link>
     <title>10 Travel Tips for Rajasthan :India - Tourist Places</title>
     <description>10 Travel Tips for Rajasthan :India - Tourist Places</description>
     <ror:updatePeriod>daily</ror:updatePeriod>
     <ror:sortOrder>2</ror:sortOrder>
     <ror:resourceOf>sitemap</ror:resourceOf>
</item>
<item>
     <link>https://indiator.com/tourist-places/blog/author/adminindiator-com/</link>
     <title>Indiator, Author at Tourist Places</title>
     <description>Indiator, Author at Tourist Places</description>
     <ror:updatePeriod>daily</ror:updatePeriod>
     <ror:sortOrder>2</ror:sortOrder>
     <ror:resourceOf>sitemap</ror:resourceOf>
</item>
<item>
     <link>https://indiator.com/tourist-places/blog/fascinating-things-kerala/</link>
     <title>Most fascinating Things to do in Kerala - Tourist Places</title>
     <description>Most fascinating Things to do in Kerala - Tourist Places</description>
     <ror:updatePeriod>daily</ror:updatePeriod>
     <ror:sortOrder>2</ror:sortOrder>
     <ror:resourceOf>sitemap</ror:resourceOf>
</item>
<item>
     <link>https://indiator.com/tourist-places/blog/category/things-to-do/</link>
     <title>Things to do Archives - Tourist Places</title>
     <description>Things to do Archives - Tourist Places</description>
     <ror:updatePeriod>daily</ror:updatePeriod>
     <ror:sortOrder>2</ror:sortOrder>
     <ror:resourceOf>sitemap</ror:resourceOf>
</item>
<item>
     <link>https://indiator.com/tourist-places/blog/travel-tips-for-women-traveling-in-india/</link>
     <title>India Travel Tips for Women Traveling in India - Tourist Places</title>
     <description>India Travel Tips for Women Traveling in India - Tourist Places</description>
     <ror:updatePeriod>daily</ror:updatePeriod>
     <ror:sortOrder>2</ror:sortOrder>
     <ror:resourceOf>sitemap</ror:resourceOf>
</item>
<item>
     <link>https://indiator.com/tourist-places/blog/category/travel-tips/</link>
     <title>Travel Tips Archives - Tourist Places</title>
     <description>Travel Tips Archives - Tourist Places</description>
     <ror:updatePeriod>daily</ror:updatePeriod>
     <ror:sortOrder>2</ror:sortOrder>
     <ror:resourceOf>sitemap</ror:resourceOf>
</item>
<item>
     <link>https://indiator.com/tourist-places/blog/things-to-do-in-goa/</link>
     <title>Things to do in GOA - Tourist Places</title>
     <description>Things to do in GOA - Tourist Places</description>
     <ror:updatePeriod>daily</ror:updatePeriod>
     <ror:sortOrder>2</ror:sortOrder>
     <ror:resourceOf>sitemap</ror:resourceOf>
</item>
<item>
     <link>https://indiator.com/tourist-places/blog/dudhsagar-falls-highest-waterfall-india-close-nature/</link>
     <title>Dudhsagar Falls the highest waterfall in india and Close to nature - Tourist Places</title>
     <description>Dudhsagar Falls the highest waterfall in india and Close to nature - Tourist Places</description>
     <ror:updatePeriod>daily</ror:updatePeriod>
     <ror:sortOrder>2</ror:sortOrder>
     <ror:resourceOf>sitemap</ror:resourceOf>
</item>
<item>
     <link>https://indiator.com/tourist-places/blog/11-little-known-travel-tips-agra/</link>
     <title>11 Little Known Travel Tips for Agra - Tourist Places</title>
     <description>11 Little Known Travel Tips for Agra - Tourist Places</description>
     <ror:updatePeriod>daily</ror:updatePeriod>
     <ror:sortOrder>2</ror:sortOrder>
     <ror:resourceOf>sitemap</ror:resourceOf>
</item>
<item>
     <link>https://indiator.com/tourist-places/blog/10-helpful-tips-first-time-traveler-india/</link>
     <title>10 Helpful tips for first time traveler to India - Tourist Places</title>
     <description>10 Helpful tips for first time traveler to India - Tourist Places</description>
     <ror:updatePeriod>daily</ror:updatePeriod>
     <ror:sortOrder>2</ror:sortOrder>
     <ror:resourceOf>sitemap</ror:resourceOf>
</item>
<item>
     <link>https://indiator.com/tourist-places/blog/top-things-to-do-in-bangalore-india/</link>
     <title>Top Things to do in Bangalore, India - Tourist Places</title>
     <description>Top Things to do in Bangalore, India - Tourist Places</description>
     <ror:updatePeriod>daily</ror:updatePeriod>
     <ror:sortOrder>2</ror:sortOrder>
     <ror:resourceOf>sitemap</ror:resourceOf>
</item>
<item>
     <link>https://indiator.com/tourist-places/blog/honeymoon-triggers-your-love-life/</link>
     <title>Honeymoon-triggers your love life - Tourist Places</title>
     <description>Honeymoon-triggers your love life - Tourist Places</description>
     <ror:updatePeriod>daily</ror:updatePeriod>
     <ror:sortOrder>2</ror:sortOrder>
     <ror:resourceOf>sitemap</ror:resourceOf>
</item>
<item>
     <link>https://indiator.com/tourist-places/blog/category/honeymoon-packages/</link>
     <title>Honeymoon Packages Archives - Tourist Places</title>
     <description>Honeymoon Packages Archives - Tourist Places</description>
     <ror:updatePeriod>daily</ror:updatePeriod>
     <ror:sortOrder>2</ror:sortOrder>
     <ror:resourceOf>sitemap</ror:resourceOf>
</item>
<item>
     <link>https://indiator.com/Cochin/tour-packages/private-same-day-excursion-to-athirappilly-waterfall-from-cochin/20</link>
     <title>Private same day Athirappily waterfall tour from Cochin - Indiator</title>
     <description>Book your tickets online for Athirappily waterfall from Cochin at Indiator and explore all tourist places at lowest cost.</description>
     <ror:updatePeriod>daily</ror:updatePeriod>
     <ror:sortOrder>2</ror:sortOrder>
     <ror:resourceOf>sitemap</ror:resourceOf>
</item>
<item>
     <link>https://indiator.com/Cochin/tour-packages/evening-incredible-kathakali-dance-show-with-delicious-dinner/23</link>
     <title>Enjoy Incredible Kathakali dance show with delicious dinner - Indiator</title>
     <description>Are you planning to make a trip to kerala? Don’t forget to enjoy Incredible Kathakali dance show in Kerala.</description>
     <ror:updatePeriod>daily</ror:updatePeriod>
     <ror:sortOrder>2</ror:sortOrder>
     <ror:resourceOf>sitemap</ror:resourceOf>
</item>
<item>
     <link>https://indiator.com/Cochin/tour-packages/private-day-trip-to-cochin-including-kathakali-performance-followed-by-dinner/24</link>
     <title>Private Tour: Kochi City Tour And Kathakali Dance Show Including Dinner -Indiator</title>
     <description>Private Kochi city tour and enjoy the evening with Kathakali dance show, Book your trip package to Kochi at very best rate, see our reviews for guidance or see the tour and sightseeing.</description>
     <ror:updatePeriod>daily</ror:updatePeriod>
     <ror:sortOrder>2</ror:sortOrder>
     <ror:resourceOf>sitemap</ror:resourceOf>
</item>
<item>
     <link>https://indiator.com/Cochin/tour-packages/private-cochin-city-tour-including-churches-fishing-net-and-museum/26</link>
     <title>Private Tour: Cochin City Tour Of Churches, Chinese Fishing Net And Museum - Indiator</title>
     <description>Private Tour: Kochi City Tour Of Churches, Chinese Fishing Net And Museum: Book your tickets online for Private Tour: Kochi City Tour Of Churches, Chinese Fishing Net And Museum. See reviews, photos, best Prices &amp; Deals, attraction covered, timing with Indiator absolutly!!</description>
     <ror:updatePeriod>daily</ror:updatePeriod>
     <ror:sortOrder>2</ror:sortOrder>
     <ror:resourceOf>sitemap</ror:resourceOf>
</item>
<item>
     <link>https://indiator.com/Cochin/Day-Trips-and-Excursions/15/3/1</link>
     <title>Cochin - Day-Trips-and-Excursions Indiator</title>
     <description>Cochin Sightseeing Tours, Cochin holiday packages, Cochin tour packages, Cochin Tours, Cochin honeymoon tour</description>
     <ror:updatePeriod>daily</ror:updatePeriod>
     <ror:sortOrder>2</ror:sortOrder>
     <ror:resourceOf>sitemap</ror:resourceOf>
</item>
<item>
     <link>https://indiator.com/Cochin/Airport-or-Railway-Transfer/15/6/1</link>
     <title>Cochin - Airport-or-Railway-Transfer Indiator</title>
     <description>Cochin Sightseeing Tours, Cochin holiday packages, Cochin tour packages, Cochin Tours, Cochin honeymoon tour</description>
     <ror:updatePeriod>daily</ror:updatePeriod>
     <ror:sortOrder>2</ror:sortOrder>
     <ror:resourceOf>sitemap</ror:resourceOf>
</item>
<item>
     <link>https://indiator.com/Cochin/Airport-or-Railway-Transfer/15/6/0</link>
     <title>Cochin - Airport-or-Railway-Transfer Indiator</title>
     <description>Cochin Sightseeing Tours, Cochin holiday packages, Cochin tour packages, Cochin Tours, Cochin honeymoon tour</description>
     <ror:updatePeriod>daily</ror:updatePeriod>
     <ror:sortOrder>2</ror:sortOrder>
     <ror:resourceOf>sitemap</ror:resourceOf>
</item>
<item>
     <link>https://indiator.com/Cochin/tour-packages/private-kumarakom-or-alleppey-overnight-backwater-houseboat-tour-with-candle-light-dinner/21</link>
     <title>Private Kumarakom Alleppey backwater tour with candle light dinner</title>
     <description>Book this overnight private tour for your loved one and enjoy a romantic candlelight dinner on houseboat! Experience the complete serenity. Book your tour tickets online with indiator!!</description>
     <ror:updatePeriod>daily</ror:updatePeriod>
     <ror:sortOrder>2</ror:sortOrder>
     <ror:resourceOf>sitemap</ror:resourceOf>
</item>
<item>
     <link>https://indiator.com/Cochin/tour-packages/3-days-private-tea-valley-munnar-hill-station-tour-from-cochin/22</link>
     <title>3 Days Private Munnar Hill Station Tour package from Cochin - Indiator</title>
     <description>Experience the natural beauty of Munnar hill station, Indiator offers Affordable Munnar Tour Package from Cochin, Book Now and safe up to $15 off.</description>
     <ror:updatePeriod>daily</ror:updatePeriod>
     <ror:sortOrder>2</ror:sortOrder>
     <ror:resourceOf>sitemap</ror:resourceOf>
</item>
<item>
     <link>https://indiator.com/Cochin/tour-packages/6-days-5-nights-private-periyar-wildlife-and-backwater-tour-in-kerala/25</link>
     <title>6 days Private Kerala periyar wildlife and backwater tour - Indiator</title>
     <description>Enjoy 6 days 5 nights Private Kerala Periyar wildlife and backwater tour from Indiator at very reasonable price. Book now and get more discount.</description>
     <ror:updatePeriod>daily</ror:updatePeriod>
     <ror:sortOrder>2</ror:sortOrder>
     <ror:resourceOf>sitemap</ror:resourceOf>
</item>
<item>
     <link>https://indiator.com/Cochin/tour-packages/2-days-cochin-excursion-including-awesome-kathakali-dance/27</link>
     <title>Cochin Excursion: 2 days Cochin Package Includes Kathakali Dance - Indiator</title>
     <description>Book Your 2 days Cochin Day Excursion tour package form Indiator and enjoy the essence of Kerala s Kathakali dance show, Book your tour Now with great deal</description>
     <ror:updatePeriod>daily</ror:updatePeriod>
     <ror:sortOrder>2</ror:sortOrder>
     <ror:resourceOf>sitemap</ror:resourceOf>
</item>
<item>
     <link>https://indiator.com/Cochin/tour-packages/8-days-kerala-to-kanyakumari-with-backwater-cruise-and-wildlife/28</link>
     <title>8 Days Kerala to Kanyakumari with Backwater Cruise and wildlife</title>
     <description>Best tourism packages for kerala with 8 days covering all the places in kerala. Make your Vacation splendid and most memorable with Indiator.</description>
     <ror:updatePeriod>daily</ror:updatePeriod>
     <ror:sortOrder>2</ror:sortOrder>
     <ror:resourceOf>sitemap</ror:resourceOf>
</item>
<item>
     <link>https://indiator.com/Cochin/tour-packages/5-days-trip-to-the-lap-of-nature-from-cochin-to-alleppey/29</link>
     <title>5 days trip to the lap of nature from Cochin to Alleppey</title>
     <description>alappuzha boat house, alappuzha houseboat rates, alappuzha tourist places, cochin to alleppey tour, cochin to alleppey houseboat</description>
     <ror:updatePeriod>daily</ror:updatePeriod>
     <ror:sortOrder>2</ror:sortOrder>
     <ror:resourceOf>sitemap</ror:resourceOf>
</item>
<item>
     <link>https://indiator.com/Cochin/Multi-Days-Tours/15/2/1</link>
     <title>Cochin - Multi-Days-Tours Indiator</title>
     <description>Cochin Sightseeing Tours, Cochin holiday packages, Cochin tour packages, Cochin Tours, Cochin honeymoon tour</description>
     <ror:updatePeriod>daily</ror:updatePeriod>
     <ror:sortOrder>2</ror:sortOrder>
     <ror:resourceOf>sitemap</ror:resourceOf>
</item>
<item>
     <link>https://indiator.com/tourist-places/blog/tag/10-top-tourist-attractions-in-india/</link>
     <title>10 Top Tourist Attractions in India Archives - Tourist Places</title>
     <description>10 Top Tourist Attractions in India Archives - Tourist Places</description>
     <ror:updatePeriod>daily</ror:updatePeriod>
     <ror:sortOrder>3</ror:sortOrder>
     <ror:resourceOf>sitemap</ror:resourceOf>
</item>
<item>
     <link>https://indiator.com/tourist-places/blog/tag/best-destinations-in-india/</link>
     <title>Best Destinations in India Archives - Tourist Places</title>
     <description>Best Destinations in India Archives - Tourist Places</description>
     <ror:updatePeriod>daily</ror:updatePeriod>
     <ror:sortOrder>3</ror:sortOrder>
     <ror:resourceOf>sitemap</ror:resourceOf>
</item>
<item>
     <link>https://indiator.com/tourist-places/blog/tag/best-destinations-in-india-travellers-choice/</link>
     <title>Best Destinations in India - Traveller&amp;#039;s Choice Archives - Tourist Places</title>
     <description>Best Destinations in India - Traveller&amp;#039;s Choice Archives - Tourist Places</description>
     <ror:updatePeriod>daily</ror:updatePeriod>
     <ror:sortOrder>3</ror:sortOrder>
     <ror:resourceOf>sitemap</ror:resourceOf>
</item>
<item>
     <link>https://indiator.com/tourist-places/blog/tag/most-popular-tourist-places-in-india/</link>
     <title>most popular tourist places in India Archives - Tourist Places</title>
     <description>most popular tourist places in India Archives - Tourist Places</description>
     <ror:updatePeriod>daily</ror:updatePeriod>
     <ror:sortOrder>3</ror:sortOrder>
     <ror:resourceOf>sitemap</ror:resourceOf>
</item>
<item>
     <link>https://indiator.com/tourist-places/blog/tag/top-10-destination-in-india/</link>
     <title>top 10 destination in India Archives - Tourist Places</title>
     <description>top 10 destination in India Archives - Tourist Places</description>
     <ror:updatePeriod>daily</ror:updatePeriod>
     <ror:sortOrder>3</ror:sortOrder>
     <ror:resourceOf>sitemap</ror:resourceOf>
</item>
<item>
     <link>https://indiator.com/tourist-places/blog/tag/top-10-most-visited-places-in-india/</link>
     <title>Top 10 Most Visited Places In India Archives - Tourist Places</title>
     <description>Top 10 Most Visited Places In India Archives - Tourist Places</description>
     <ror:updatePeriod>daily</ror:updatePeriod>
     <ror:sortOrder>3</ror:sortOrder>
     <ror:resourceOf>sitemap</ror:resourceOf>
</item>
<item>
     <link>https://indiator.com/tourist-places/blog/tag/top-10-places-to-visit-in-india/</link>
     <title>top 10 places to visit in India Archives - Tourist Places</title>
     <description>top 10 places to visit in India Archives - Tourist Places</description>
     <ror:updatePeriod>daily</ror:updatePeriod>
     <ror:sortOrder>3</ror:sortOrder>
     <ror:resourceOf>sitemap</ror:resourceOf>
</item>
<item>
     <link>https://indiator.com/tourist-places/blog/tag/top-10-tourist-attraction/</link>
     <title>top 10 tourist attraction Archives - Tourist Places</title>
     <description>top 10 tourist attraction Archives - Tourist Places</description>
     <ror:updatePeriod>daily</ror:updatePeriod>
     <ror:sortOrder>3</ror:sortOrder>
     <ror:resourceOf>sitemap</ror:resourceOf>
</item>
<item>
     <link>https://indiator.com/tourist-places/blog/tag/top-10-tourist-places/</link>
     <title>Top 10 Tourist places Archives - Tourist Places</title>
     <description>Top 10 Tourist places Archives - Tourist Places</description>
     <ror:updatePeriod>daily</ror:updatePeriod>
     <ror:sortOrder>3</ror:sortOrder>
     <ror:resourceOf>sitemap</ror:resourceOf>
</item>
<item>
     <link>https://indiator.com/tourist-places/blog/tag/tourist-destinations-in-india/</link>
     <title>tourist destinations in India Archives - Tourist Places</title>
     <description>tourist destinations in India Archives - Tourist Places</description>
     <ror:updatePeriod>daily</ror:updatePeriod>
     <ror:sortOrder>3</ror:sortOrder>
     <ror:resourceOf>sitemap</ror:resourceOf>
</item>
<item>
     <link>https://indiator.com/tourist-places/blog/tag/travel-destinations-in-india/</link>
     <title>Travel Destinations In India Archives - Tourist Places</title>
     <description>Travel Destinations In India Archives - Tourist Places</description>
     <ror:updatePeriod>daily</ror:updatePeriod>
     <ror:sortOrder>3</ror:sortOrder>
     <ror:resourceOf>sitemap</ror:resourceOf>
</item>
<item>
     <link>https://indiator.com/tourist-places/blog/tag/10-tarvel-tips-for-rajasthan/</link>
     <title>10 tarvel Tips for Rajasthan Archives - Tourist Places</title>
     <description>10 tarvel Tips for Rajasthan Archives - Tourist Places</description>
     <ror:updatePeriod>daily</ror:updatePeriod>
     <ror:sortOrder>3</ror:sortOrder>
     <ror:resourceOf>sitemap</ror:resourceOf>
</item>
<item>
     <link>https://indiator.com/tourist-places/blog/tag/10-tarvel-tips-for-rajasthan-india/</link>
     <title>10 tarvel Tips for Rajasthan India Archives - Tourist Places</title>
     <description>10 tarvel Tips for Rajasthan India Archives - Tourist Places</description>
     <ror:updatePeriod>daily</ror:updatePeriod>
     <ror:sortOrder>3</ror:sortOrder>
     <ror:resourceOf>sitemap</ror:resourceOf>
</item>
<item>
     <link>https://indiator.com/tourist-places/blog/tag/best-season-to-visit-rajasthan/</link>
     <title>best season to visit rajasthan Archives - Tourist Places</title>
     <description>best season to visit rajasthan Archives - Tourist Places</description>
     <ror:updatePeriod>daily</ror:updatePeriod>
     <ror:sortOrder>3</ror:sortOrder>
     <ror:resourceOf>sitemap</ror:resourceOf>
</item>
<item>
     <link>https://indiator.com/tourist-places/blog/tag/best-time-to-travel-in-rajasthan/</link>
     <title>best time to travel in rajasthan Archives - Tourist Places</title>
     <description>best time to travel in rajasthan Archives - Tourist Places</description>
     <ror:updatePeriod>daily</ror:updatePeriod>
     <ror:sortOrder>3</ror:sortOrder>
     <ror:resourceOf>sitemap</ror:resourceOf>
</item>
<item>
     <link>https://indiator.com/tourist-places/blog/tag/best-time-to-visit-rajasthan/</link>
     <title>best time to visit rajasthan Archives - Tourist Places</title>
     <description>best time to visit rajasthan Archives - Tourist Places</description>
     <ror:updatePeriod>daily</ror:updatePeriod>
     <ror:sortOrder>3</ror:sortOrder>
     <ror:resourceOf>sitemap</ror:resourceOf>
</item>
<item>
     <link>https://indiator.com/tourist-places/blog/tag/blogs-on-rajasthan-tour/</link>
     <title>blogs on rajasthan tour Archives - Tourist Places</title>
     <description>blogs on rajasthan tour Archives - Tourist Places</description>
     <ror:updatePeriod>daily</ror:updatePeriod>
     <ror:sortOrder>3</ror:sortOrder>
     <ror:resourceOf>sitemap</ror:resourceOf>
</item>
<item>
     <link>https://indiator.com/tourist-places/blog/tag/going-to-rajasthan-for-the-first-time/</link>
     <title>Going to Rajasthan for the first time Archives - Tourist Places</title>
     <description>Going to Rajasthan for the first time Archives - Tourist Places</description>
     <ror:updatePeriod>daily</ror:updatePeriod>
     <ror:sortOrder>3</ror:sortOrder>
     <ror:resourceOf>sitemap</ror:resourceOf>
</item>
<item>
     <link>https://indiator.com/tourist-places/blog/tag/guide-to-rajasthan-with-top-tips/</link>
     <title>guide to Rajasthan with top tips Archives - Tourist Places</title>
     <description>guide to Rajasthan with top tips Archives - Tourist Places</description>
     <ror:updatePeriod>daily</ror:updatePeriod>
     <ror:sortOrder>3</ror:sortOrder>
     <ror:resourceOf>sitemap</ror:resourceOf>
</item>
<item>
     <link>https://indiator.com/tourist-places/blog/tag/helpful-tips-and-advice-on-rajasthan/</link>
     <title>Helpful tips and advice on Rajasthan Archives - Tourist Places</title>
     <description>Helpful tips and advice on Rajasthan Archives - Tourist Places</description>
     <ror:updatePeriod>daily</ror:updatePeriod>
     <ror:sortOrder>3</ror:sortOrder>
     <ror:resourceOf>sitemap</ror:resourceOf>
</item>
<item>
     <link>https://indiator.com/tourist-places/blog/tag/india-rajasthan-travel-guide/</link>
     <title>India Rajasthan Travel Guide Archives - Tourist Places</title>
     <description>India Rajasthan Travel Guide Archives - Tourist Places</description>
     <ror:updatePeriod>daily</ror:updatePeriod>
     <ror:sortOrder>3</ror:sortOrder>
     <ror:resourceOf>sitemap</ror:resourceOf>
</item>
<item>
     <link>https://indiator.com/tourist-places/blog/tag/india-rajasthan-travel-tips-and-articles/</link>
     <title>India Rajasthan travel tips and articles Archives - Tourist Places</title>
     <description>India Rajasthan travel tips and articles Archives - Tourist Places</description>
     <ror:updatePeriod>daily</ror:updatePeriod>
     <ror:sortOrder>3</ror:sortOrder>
     <ror:resourceOf>sitemap</ror:resourceOf>
</item>
<item>
     <link>https://indiator.com/tourist-places/blog/tag/planning-a-trip-to-rajasthan/</link>
     <title>Planning a trip to Rajasthan Archives - Tourist Places</title>
     <description>Planning a trip to Rajasthan Archives - Tourist Places</description>
     <ror:updatePeriod>daily</ror:updatePeriod>
     <ror:sortOrder>3</ror:sortOrder>
     <ror:resourceOf>sitemap</ror:resourceOf>
</item>
<item>
     <link>https://indiator.com/tourist-places/blog/tag/rajasthan-road-trip-itinerary/</link>
     <title>rajasthan road trip itinerary Archives - Tourist Places</title>
     <description>rajasthan road trip itinerary Archives - Tourist Places</description>
     <ror:updatePeriod>daily</ror:updatePeriod>
     <ror:sortOrder>3</ror:sortOrder>
     <ror:resourceOf>sitemap</ror:resourceOf>
</item>
<item>
     <link>https://indiator.com/tourist-places/blog/tag/rajasthan-travel-blog/</link>
     <title>rajasthan travel blog Archives - Tourist Places</title>
     <description>rajasthan travel blog Archives - Tourist Places</description>
     <ror:updatePeriod>daily</ror:updatePeriod>
     <ror:sortOrder>3</ror:sortOrder>
     <ror:resourceOf>sitemap</ror:resourceOf>
</item>
<item>
     <link>https://indiator.com/tourist-places/blog/tag/rajasthan-travel-diary/</link>
     <title>rajasthan travel diary Archives - Tourist Places</title>
     <description>rajasthan travel diary Archives - Tourist Places</description>
     <ror:updatePeriod>daily</ror:updatePeriod>
     <ror:sortOrder>3</ror:sortOrder>
     <ror:resourceOf>sitemap</ror:resourceOf>
</item>
<item>
     <link>https://indiator.com/tourist-places/blog/tag/rajasthan-travel-tips-and-articlestips-for-rajasthan/</link>
     <title>Rajasthan travel tips and articlesTips for Rajasthan Archives - Tourist Places</title>
     <description>Rajasthan travel tips and articlesTips for Rajasthan Archives - Tourist Places</description>
     <ror:updatePeriod>daily</ror:updatePeriod>
     <ror:sortOrder>3</ror:sortOrder>
     <ror:resourceOf>sitemap</ror:resourceOf>
</item>
<item>
     <link>https://indiator.com/tourist-places/blog/tag/tips-for-rajasthan/</link>
     <title>Tips for Rajasthan Archives - Tourist Places</title>
     <description>Tips for Rajasthan Archives - Tourist Places</description>
     <ror:updatePeriod>daily</ror:updatePeriod>
     <ror:sortOrder>3</ror:sortOrder>
     <ror:resourceOf>sitemap</ror:resourceOf>
</item>
<item>
     <link>https://indiator.com/tourist-places/blog/tag/tips-for-rajasthan-travellers/</link>
     <title>Tips for Rajasthan travellers Archives - Tourist Places</title>
     <description>Tips for Rajasthan travellers Archives - Tourist Places</description>
     <ror:updatePeriod>daily</ror:updatePeriod>
     <ror:sortOrder>3</ror:sortOrder>
     <ror:resourceOf>sitemap</ror:resourceOf>
</item>
<item>
     <link>https://indiator.com/tourist-places/blog/tag/travel-tips-for-rajasthan/</link>
     <title>Travel Tips for Rajasthan Archives - Tourist Places</title>
     <description>Travel Tips for Rajasthan Archives - Tourist Places</description>
     <ror:updatePeriod>daily</ror:updatePeriod>
     <ror:sortOrder>3</ror:sortOrder>
     <ror:resourceOf>sitemap</ror:resourceOf>
</item>
<item>
     <link>https://indiator.com/tourist-places/blog/tag/travelling-to-rajasthan-for-vacation/</link>
     <title>Travelling to Rajasthan for vacation Archives - Tourist Places</title>
     <description>Travelling to Rajasthan for vacation Archives - Tourist Places</description>
     <ror:updatePeriod>daily</ror:updatePeriod>
     <ror:sortOrder>3</ror:sortOrder>
     <ror:resourceOf>sitemap</ror:resourceOf>
</item>
<item>
     <link>https://indiator.com/tourist-places/blog/tag/amazing-place-to-visit-in-kerala/</link>
     <title>amazing place to visit in Kerala Archives - Tourist Places</title>
     <description>amazing place to visit in Kerala Archives - Tourist Places</description>
     <ror:updatePeriod>daily</ror:updatePeriod>
     <ror:sortOrder>3</ror:sortOrder>
     <ror:resourceOf>sitemap</ror:resourceOf>
</item>
<item>
     <link>https://indiator.com/tourist-places/blog/tag/list-of-places-to-visit-in-kerala/</link>
     <title>list of places to visit in Kerala Archives - Tourist Places</title>
     <description>list of places to visit in Kerala Archives - Tourist Places</description>
     <ror:updatePeriod>daily</ror:updatePeriod>
     <ror:sortOrder>3</ror:sortOrder>
     <ror:resourceOf>sitemap</ror:resourceOf>
</item>
<item>
     <link>https://indiator.com/tourist-places/blog/tag/many-things-to-do-in-the-village/</link>
     <title>many things to do in the village Archives - Tourist Places</title>
     <description>many things to do in the village Archives - Tourist Places</description>
     <ror:updatePeriod>daily</ror:updatePeriod>
     <ror:sortOrder>3</ror:sortOrder>
     <ror:resourceOf>sitemap</ror:resourceOf>
</item>
<item>
     <link>https://indiator.com/tourist-places/blog/tag/places-to-visit-on-your-trip-to-kerala/</link>
     <title>places to visit on your trip to Kerala Archives - Tourist Places</title>
     <description>places to visit on your trip to Kerala Archives - Tourist Places</description>
     <ror:updatePeriod>daily</ror:updatePeriod>
     <ror:sortOrder>3</ror:sortOrder>
     <ror:resourceOf>sitemap</ror:resourceOf>
</item>
<item>
     <link>https://indiator.com/tourist-places/blog/tag/things-to-do-in-alappuzha/</link>
     <title>Things To do in Alappuzha Archives - Tourist Places</title>
     <description>Things To do in Alappuzha Archives - Tourist Places</description>
     <ror:updatePeriod>daily</ror:updatePeriod>
     <ror:sortOrder>3</ror:sortOrder>
     <ror:resourceOf>sitemap</ror:resourceOf>
</item>
<item>
     <link>https://indiator.com/tourist-places/blog/tag/things-to-do-in-alleppey/</link>
     <title>Things to do in Alleppey Archives - Tourist Places</title>
     <description>Things to do in Alleppey Archives - Tourist Places</description>
     <ror:updatePeriod>daily</ror:updatePeriod>
     <ror:sortOrder>3</ror:sortOrder>
     <ror:resourceOf>sitemap</ror:resourceOf>
</item>
<item>
     <link>https://indiator.com/tourist-places/blog/tag/things-to-do-in-kerala/</link>
     <title>Things to do in Kerala Archives - Tourist Places</title>
     <description>Things to do in Kerala Archives - Tourist Places</description>
     <ror:updatePeriod>daily</ror:updatePeriod>
     <ror:sortOrder>3</ror:sortOrder>
     <ror:resourceOf>sitemap</ror:resourceOf>
</item>
<item>
     <link>https://indiator.com/tourist-places/blog/tag/things-to-do-in-kerala-backwater/</link>
     <title>Things to do in kerala backwater Archives - Tourist Places</title>
     <description>Things to do in kerala backwater Archives - Tourist Places</description>
     <ror:updatePeriod>daily</ror:updatePeriod>
     <ror:sortOrder>3</ror:sortOrder>
     <ror:resourceOf>sitemap</ror:resourceOf>
</item>
<item>
     <link>https://indiator.com/tourist-places/blog/tag/things-to-do-in-kovalam/</link>
     <title>Things to do in Kovalam Archives - Tourist Places</title>
     <description>Things to do in Kovalam Archives - Tourist Places</description>
     <ror:updatePeriod>daily</ror:updatePeriod>
     <ror:sortOrder>3</ror:sortOrder>
     <ror:resourceOf>sitemap</ror:resourceOf>
</item>
<item>
     <link>https://indiator.com/tourist-places/blog/tag/things-to-do-in-kumarakom/</link>
     <title>Things to do in Kumarakom Archives - Tourist Places</title>
     <description>Things to do in Kumarakom Archives - Tourist Places</description>
     <ror:updatePeriod>daily</ror:updatePeriod>
     <ror:sortOrder>3</ror:sortOrder>
     <ror:resourceOf>sitemap</ror:resourceOf>
</item>
<item>
     <link>https://indiator.com/tourist-places/blog/tag/things-to-do-in-thekkady/</link>
     <title>Things To do in Thekkady Archives - Tourist Places</title>
     <description>Things To do in Thekkady Archives - Tourist Places</description>
     <ror:updatePeriod>daily</ror:updatePeriod>
     <ror:sortOrder>3</ror:sortOrder>
     <ror:resourceOf>sitemap</ror:resourceOf>
</item>
<item>
     <link>https://indiator.com/tourist-places/blog/tag/top-in-the-list-of-places-to-visit-in-kerala/</link>
     <title>top in the list of places to visit in Kerala Archives - Tourist Places</title>
     <description>top in the list of places to visit in Kerala Archives - Tourist Places</description>
     <ror:updatePeriod>daily</ror:updatePeriod>
     <ror:sortOrder>3</ror:sortOrder>
     <ror:resourceOf>sitemap</ror:resourceOf>
</item>
<item>
     <link>https://indiator.com/tourist-places/blog/tag/10-tips-for-india-first-timers/</link>
     <title>10 tips for India first-timers Archives - Tourist Places</title>
     <description>10 tips for India first-timers Archives - Tourist Places</description>
     <ror:updatePeriod>daily</ror:updatePeriod>
     <ror:sortOrder>3</ror:sortOrder>
     <ror:resourceOf>sitemap</ror:resourceOf>
</item>
<item>
     <link>https://indiator.com/tourist-places/blog/tag/india-packing-tips/</link>
     <title>india packing tips Archives - Tourist Places</title>
     <description>india packing tips Archives - Tourist Places</description>
     <ror:updatePeriod>daily</ror:updatePeriod>
     <ror:sortOrder>3</ror:sortOrder>
     <ror:resourceOf>sitemap</ror:resourceOf>
</item>
<item>
     <link>https://indiator.com/tourist-places/blog/tag/india-travel-advice/</link>
     <title>India travel advice Archives - Tourist Places</title>
     <description>India travel advice Archives - Tourist Places</description>
     <ror:updatePeriod>daily</ror:updatePeriod>
     <ror:sortOrder>3</ror:sortOrder>
     <ror:resourceOf>sitemap</ror:resourceOf>
</item>
<item>
     <link>https://indiator.com/tourist-places/blog/tag/places-to-visit-in-india/</link>
     <title>Places to visit in India Archives - Tourist Places</title>
     <description>Places to visit in India Archives - Tourist Places</description>
     <ror:updatePeriod>daily</ror:updatePeriod>
     <ror:sortOrder>3</ror:sortOrder>
     <ror:resourceOf>sitemap</ror:resourceOf>
</item>
<item>
     <link>https://indiator.com/tourist-places/blog/tag/planning-a-trip-to-india/</link>
     <title>planning a trip to india Archives - Tourist Places</title>
     <description>planning a trip to india Archives - Tourist Places</description>
     <ror:updatePeriod>daily</ror:updatePeriod>
     <ror:sortOrder>3</ror:sortOrder>
     <ror:resourceOf>sitemap</ror:resourceOf>
</item>
<item>
     <link>https://indiator.com/tourist-places/blog/tag/solo-travel-to-india/</link>
     <title>Solo Travel to India Archives - Tourist Places</title>
     <description>Solo Travel to India Archives - Tourist Places</description>
     <ror:updatePeriod>daily</ror:updatePeriod>
     <ror:sortOrder>3</ror:sortOrder>
     <ror:resourceOf>sitemap</ror:resourceOf>
</item>
<item>
     <link>https://indiator.com/tourist-places/blog/tag/travel-india-blog/</link>
     <title>travel india blog Archives - Tourist Places</title>
     <description>travel india blog Archives - Tourist Places</description>
     <ror:updatePeriod>daily</ror:updatePeriod>
     <ror:sortOrder>3</ror:sortOrder>
     <ror:resourceOf>sitemap</ror:resourceOf>
</item>
<item>
     <link>https://indiator.com/tourist-places/blog/tag/travel-tips-in-india/</link>
     <title>Travel Tips in India Archives - Tourist Places</title>
     <description>Travel Tips in India Archives - Tourist Places</description>
     <ror:updatePeriod>daily</ror:updatePeriod>
     <ror:sortOrder>3</ror:sortOrder>
     <ror:resourceOf>sitemap</ror:resourceOf>
</item>
<item>
     <link>https://indiator.com/tourist-places/blog/tag/travel-tips-to-india/</link>
     <title>Travel tips to india Archives - Tourist Places</title>
     <description>Travel tips to india Archives - Tourist Places</description>
     <ror:updatePeriod>daily</ror:updatePeriod>
     <ror:sortOrder>3</ror:sortOrder>
     <ror:resourceOf>sitemap</ror:resourceOf>
</item>
<item>
     <link>https://indiator.com/tourist-places/blog/tag/travel-to-india-from-usa/</link>
     <title>travel to india from usa Archives - Tourist Places</title>
     <description>travel to india from usa Archives - Tourist Places</description>
     <ror:updatePeriod>daily</ror:updatePeriod>
     <ror:sortOrder>3</ror:sortOrder>
     <ror:resourceOf>sitemap</ror:resourceOf>
</item>
<item>
     <link>https://indiator.com/tourist-places/blog/tag/traveling-to-india-checklist/</link>
     <title>traveling to india checklist Archives - Tourist Places</title>
     <description>traveling to india checklist Archives - Tourist Places</description>
     <ror:updatePeriod>daily</ror:updatePeriod>
     <ror:sortOrder>3</ror:sortOrder>
     <ror:resourceOf>sitemap</ror:resourceOf>
</item>
<item>
     <link>https://indiator.com/tourist-places/blog/tag/travelling-to-india-vaccinations/</link>
     <title>travelling to india vaccinations Archives - Tourist Places</title>
     <description>travelling to india vaccinations Archives - Tourist Places</description>
     <ror:updatePeriod>daily</ror:updatePeriod>
     <ror:sortOrder>3</ror:sortOrder>
     <ror:resourceOf>sitemap</ror:resourceOf>
</item>
<item>
     <link>https://indiator.com/tourist-places/blog/tag/women-traveller-tips-to-india/</link>
     <title>Women Traveller tips to india Archives - Tourist Places</title>
     <description>Women Traveller tips to india Archives - Tourist Places</description>
     <ror:updatePeriod>daily</ror:updatePeriod>
     <ror:sortOrder>3</ror:sortOrder>
     <ror:resourceOf>sitemap</ror:resourceOf>
</item>
<item>
     <link>https://indiator.com/tourist-places/blog/tag/women-traveller-to-india/</link>
     <title>Women Traveller to India Archives - Tourist Places</title>
     <description>Women Traveller to India Archives - Tourist Places</description>
     <ror:updatePeriod>daily</ror:updatePeriod>
     <ror:sortOrder>3</ror:sortOrder>
     <ror:resourceOf>sitemap</ror:resourceOf>
</item>
<item>
     <link>https://indiator.com/tourist-places/blog/tag/fun-things-to-do-in-goa/</link>
     <title>fun things to do in goa Archives - Tourist Places</title>
     <description>fun things to do in goa Archives - Tourist Places</description>
     <ror:updatePeriod>daily</ror:updatePeriod>
     <ror:sortOrder>3</ror:sortOrder>
     <ror:resourceOf>sitemap</ror:resourceOf>
</item>
<item>
     <link>https://indiator.com/tourist-places/blog/tag/goa-holiday-packages/</link>
     <title>Goa Holiday packages Archives - Tourist Places</title>
     <description>Goa Holiday packages Archives - Tourist Places</description>
     <ror:updatePeriod>daily</ror:updatePeriod>
     <ror:sortOrder>3</ror:sortOrder>
     <ror:resourceOf>sitemap</ror:resourceOf>
</item>
<item>
     <link>https://indiator.com/tourist-places/blog/tag/nightlife-in-goa/</link>
     <title>nightlife in goa Archives - Tourist Places</title>
     <description>nightlife in goa Archives - Tourist Places</description>
     <ror:updatePeriod>daily</ror:updatePeriod>
     <ror:sortOrder>3</ror:sortOrder>
     <ror:resourceOf>sitemap</ror:resourceOf>
</item>
<item>
     <link>https://indiator.com/tourist-places/blog/tag/shopping-in-goa/</link>
     <title>shopping in goa Archives - Tourist Places</title>
     <description>shopping in goa Archives - Tourist Places</description>
     <ror:updatePeriod>daily</ror:updatePeriod>
     <ror:sortOrder>3</ror:sortOrder>
     <ror:resourceOf>sitemap</ror:resourceOf>
</item>
<item>
     <link>https://indiator.com/tourist-places/blog/tag/things-to-do-in-goa/</link>
     <title>Things to do In goa Archives - Tourist Places</title>
     <description>Things to do In goa Archives - Tourist Places</description>
     <ror:updatePeriod>daily</ror:updatePeriod>
     <ror:sortOrder>3</ror:sortOrder>
     <ror:resourceOf>sitemap</ror:resourceOf>
</item>
<item>
     <link>https://indiator.com/tourist-places/blog/tag/things-to-do-in-goa-for-bachelors/</link>
     <title>things to do in goa for bachelors Archives - Tourist Places</title>
     <description>things to do in goa for bachelors Archives - Tourist Places</description>
     <ror:updatePeriod>daily</ror:updatePeriod>
     <ror:sortOrder>3</ror:sortOrder>
     <ror:resourceOf>sitemap</ror:resourceOf>
</item>
<item>
     <link>https://indiator.com/tourist-places/blog/tag/things-to-do-in-goa-for-kids/</link>
     <title>things to do in goa for kids Archives - Tourist Places</title>
     <description>things to do in goa for kids Archives - Tourist Places</description>
     <ror:updatePeriod>daily</ror:updatePeriod>
     <ror:sortOrder>3</ror:sortOrder>
     <ror:resourceOf>sitemap</ror:resourceOf>
</item>
<item>
     <link>https://indiator.com/tourist-places/blog/tag/things-to-do-in-goa-for-youngsters/</link>
     <title>things to do in goa for youngsters Archives - Tourist Places</title>
     <description>things to do in goa for youngsters Archives - Tourist Places</description>
     <ror:updatePeriod>daily</ror:updatePeriod>
     <ror:sortOrder>3</ror:sortOrder>
     <ror:resourceOf>sitemap</ror:resourceOf>
</item>
<item>
     <link>https://indiator.com/tourist-places/blog/tag/things-to-do-in-goa-in-monsoon/</link>
     <title>things to do in goa in monsoon Archives - Tourist Places</title>
     <description>things to do in goa in monsoon Archives - Tourist Places</description>
     <ror:updatePeriod>daily</ror:updatePeriod>
     <ror:sortOrder>3</ror:sortOrder>
     <ror:resourceOf>sitemap</ror:resourceOf>
</item>
<item>
     <link>https://indiator.com/tourist-places/blog/tag/top-10-tings-to-do-in-goa/</link>
     <title>top 10 tings to do in goa Archives - Tourist Places</title>
     <description>top 10 tings to do in goa Archives - Tourist Places</description>
     <ror:updatePeriod>daily</ror:updatePeriod>
     <ror:sortOrder>3</ror:sortOrder>
     <ror:resourceOf>sitemap</ror:resourceOf>
</item>
<item>
     <link>https://indiator.com/tourist-places/blog/tag/top-20-tings-to-do-in-goa/</link>
     <title>top 20 tings to do in goa Archives - Tourist Places</title>
     <description>top 20 tings to do in goa Archives - Tourist Places</description>
     <ror:updatePeriod>daily</ror:updatePeriod>
     <ror:sortOrder>3</ror:sortOrder>
     <ror:resourceOf>sitemap</ror:resourceOf>
</item>
<item>
     <link>https://indiator.com/tourist-places/blog/tag/water-sports-in-goa/</link>
     <title>water sports in goa Archives - Tourist Places</title>
     <description>water sports in goa Archives - Tourist Places</description>
     <ror:updatePeriod>daily</ror:updatePeriod>
     <ror:sortOrder>3</ror:sortOrder>
     <ror:resourceOf>sitemap</ror:resourceOf>
</item>
<item>
     <link>https://indiator.com/tourist-places/blog/tag/best-time-to-visit-dudhsagar-falls/</link>
     <title>best time to visit dudhsagar falls Archives - Tourist Places</title>
     <description>best time to visit dudhsagar falls Archives - Tourist Places</description>
     <ror:updatePeriod>daily</ror:updatePeriod>
     <ror:sortOrder>3</ror:sortOrder>
     <ror:resourceOf>sitemap</ror:resourceOf>
</item>
<item>
     <link>https://indiator.com/tourist-places/blog/tag/best-waterfall-in-goa/</link>
     <title>best waterfall in goa Archives - Tourist Places</title>
     <description>best waterfall in goa Archives - Tourist Places</description>
     <ror:updatePeriod>daily</ror:updatePeriod>
     <ror:sortOrder>3</ror:sortOrder>
     <ror:resourceOf>sitemap</ror:resourceOf>
</item>
<item>
     <link>https://indiator.com/tourist-places/blog/tag/dudhsagar-falls-distance-from-railway-station/</link>
     <title>Dudhsagar Falls distance from railway station Archives - Tourist Places</title>
     <description>Dudhsagar Falls distance from railway station Archives - Tourist Places</description>
     <ror:updatePeriod>daily</ror:updatePeriod>
     <ror:sortOrder>3</ror:sortOrder>
     <ror:resourceOf>sitemap</ror:resourceOf>
</item>
<item>
     <link>https://indiator.com/tourist-places/blog/tag/dudhsagar-falls-how-to-reach/</link>
     <title>dudhsagar falls how to reach Archives - Tourist Places</title>
     <description>dudhsagar falls how to reach Archives - Tourist Places</description>
     <ror:updatePeriod>daily</ror:updatePeriod>
     <ror:sortOrder>3</ror:sortOrder>
     <ror:resourceOf>sitemap</ror:resourceOf>
</item>
<item>
     <link>https://indiator.com/tourist-places/blog/tag/dudhsagar-falls-in-monsoon/</link>
     <title>dudhsagar falls in monsoon Archives - Tourist Places</title>
     <description>dudhsagar falls in monsoon Archives - Tourist Places</description>
     <ror:updatePeriod>daily</ror:updatePeriod>
     <ror:sortOrder>3</ror:sortOrder>
     <ror:resourceOf>sitemap</ror:resourceOf>
</item>
<item>
     <link>https://indiator.com/tourist-places/blog/tag/dudhsagar-falls-photo/</link>
     <title>dudhsagar falls photo Archives - Tourist Places</title>
     <description>dudhsagar falls photo Archives - Tourist Places</description>
     <ror:updatePeriod>daily</ror:updatePeriod>
     <ror:sortOrder>3</ror:sortOrder>
     <ror:resourceOf>sitemap</ror:resourceOf>
</item>
<item>
     <link>https://indiator.com/tourist-places/blog/tag/dudhsagar-falls-trek/</link>
     <title>dudhsagar falls trek Archives - Tourist Places</title>
     <description>dudhsagar falls trek Archives - Tourist Places</description>
     <ror:updatePeriod>daily</ror:updatePeriod>
     <ror:sortOrder>3</ror:sortOrder>
     <ror:resourceOf>sitemap</ror:resourceOf>
</item>
<item>
     <link>https://indiator.com/tourist-places/blog/tag/dudhsagar-falls-trip/</link>
     <title>dudhsagar falls trip Archives - Tourist Places</title>
     <description>dudhsagar falls trip Archives - Tourist Places</description>
     <ror:updatePeriod>daily</ror:updatePeriod>
     <ror:sortOrder>3</ror:sortOrder>
     <ror:resourceOf>sitemap</ror:resourceOf>
</item>
<item>
     <link>https://indiator.com/tourist-places/blog/tag/dudhsagar-falls-trip-goa/</link>
     <title>Dudhsagar Falls Trip Goa Archives - Tourist Places</title>
     <description>Dudhsagar Falls Trip Goa Archives - Tourist Places</description>
     <ror:updatePeriod>daily</ror:updatePeriod>
     <ror:sortOrder>3</ror:sortOrder>
     <ror:resourceOf>sitemap</ror:resourceOf>
</item>
<item>
     <link>https://indiator.com/tourist-places/blog/tag/dudhsagar-railway-station/</link>
     <title>dudhsagar railway station Archives - Tourist Places</title>
     <description>dudhsagar railway station Archives - Tourist Places</description>
     <ror:updatePeriod>daily</ror:updatePeriod>
     <ror:sortOrder>3</ror:sortOrder>
     <ror:resourceOf>sitemap</ror:resourceOf>
</item>
<item>
     <link>https://indiator.com/tourist-places/blog/tag/falls-in-goa/</link>
     <title>falls in goa Archives - Tourist Places</title>
     <description>falls in goa Archives - Tourist Places</description>
     <ror:updatePeriod>daily</ror:updatePeriod>
     <ror:sortOrder>3</ror:sortOrder>
     <ror:resourceOf>sitemap</ror:resourceOf>
</item>
<item>
     <link>https://indiator.com/tourist-places/blog/tag/goa-waterfalls/</link>
     <title>goa waterfalls Archives - Tourist Places</title>
     <description>goa waterfalls Archives - Tourist Places</description>
     <ror:updatePeriod>daily</ror:updatePeriod>
     <ror:sortOrder>3</ror:sortOrder>
     <ror:resourceOf>sitemap</ror:resourceOf>
</item>
<item>
     <link>https://indiator.com/tourist-places/blog/tag/11-little-known-tips-for-agra-visit/</link>
     <title>11 Little Known Tips for Agra visit Archives - Tourist Places</title>
     <description>11 Little Known Tips for Agra visit Archives - Tourist Places</description>
     <ror:updatePeriod>daily</ror:updatePeriod>
     <ror:sortOrder>3</ror:sortOrder>
     <ror:resourceOf>sitemap</ror:resourceOf>
</item>
<item>
     <link>https://indiator.com/tourist-places/blog/tag/agra-india-travel-guide/</link>
     <title>Agra India travel guide Archives - Tourist Places</title>
     <description>Agra India travel guide Archives - Tourist Places</description>
     <ror:updatePeriod>daily</ror:updatePeriod>
     <ror:sortOrder>3</ror:sortOrder>
     <ror:resourceOf>sitemap</ror:resourceOf>
</item>
<item>
     <link>https://indiator.com/tourist-places/blog/tag/agra-points-of-interest/</link>
     <title>agra points of interest Archives - Tourist Places</title>
     <description>agra points of interest Archives - Tourist Places</description>
     <ror:updatePeriod>daily</ror:updatePeriod>
     <ror:sortOrder>3</ror:sortOrder>
     <ror:resourceOf>sitemap</ror:resourceOf>
</item>
<item>
     <link>https://indiator.com/tourist-places/blog/tag/agra-travel-tips-and-articles/</link>
     <title>Agra travel tips and articles Archives - Tourist Places</title>
     <description>Agra travel tips and articles Archives - Tourist Places</description>
     <ror:updatePeriod>daily</ror:updatePeriod>
     <ror:sortOrder>3</ror:sortOrder>
     <ror:resourceOf>sitemap</ror:resourceOf>
</item>
<item>
     <link>https://indiator.com/tourist-places/blog/tag/agra-warnings-or-dangers/</link>
     <title>Agra Warnings or Dangers Archives - Tourist Places</title>
     <description>Agra Warnings or Dangers Archives - Tourist Places</description>
     <ror:updatePeriod>daily</ror:updatePeriod>
     <ror:sortOrder>3</ror:sortOrder>
     <ror:resourceOf>sitemap</ror:resourceOf>
</item>
<item>
     <link>https://indiator.com/tourist-places/blog/tag/best-time-to-travel-in-agra/</link>
     <title>best time to travel in Agra Archives - Tourist Places</title>
     <description>best time to travel in Agra Archives - Tourist Places</description>
     <ror:updatePeriod>daily</ror:updatePeriod>
     <ror:sortOrder>3</ror:sortOrder>
     <ror:resourceOf>sitemap</ror:resourceOf>
</item>
<item>
     <link>https://indiator.com/tourist-places/blog/tag/places-to-visit-in-agra/</link>
     <title>places to visit in Agra Archives - Tourist Places</title>
     <description>places to visit in Agra Archives - Tourist Places</description>
     <ror:updatePeriod>daily</ror:updatePeriod>
     <ror:sortOrder>3</ror:sortOrder>
     <ror:resourceOf>sitemap</ror:resourceOf>
</item>
<item>
     <link>https://indiator.com/tourist-places/blog/tag/sightseeing-places-in-agra/</link>
     <title>sightseeing places in Agra Archives - Tourist Places</title>
     <description>sightseeing places in Agra Archives - Tourist Places</description>
     <ror:updatePeriod>daily</ror:updatePeriod>
     <ror:sortOrder>3</ror:sortOrder>
     <ror:resourceOf>sitemap</ror:resourceOf>
</item>
<item>
     <link>https://indiator.com/tourist-places/blog/tag/tips-on-traveling-safely-in-agra/</link>
     <title>tips on traveling safely in Agra Archives - Tourist Places</title>
     <description>tips on traveling safely in Agra Archives - Tourist Places</description>
     <ror:updatePeriod>daily</ror:updatePeriod>
     <ror:sortOrder>3</ror:sortOrder>
     <ror:resourceOf>sitemap</ror:resourceOf>
</item>
<item>
     <link>https://indiator.com/tourist-places/blog/tag/travel-tips-for-agra/</link>
     <title>Travel Tips for Agra Archives - Tourist Places</title>
     <description>Travel Tips for Agra Archives - Tourist Places</description>
     <ror:updatePeriod>daily</ror:updatePeriod>
     <ror:sortOrder>3</ror:sortOrder>
     <ror:resourceOf>sitemap</ror:resourceOf>
</item>
<item>
     <link>https://indiator.com/tourist-places/blog/tag/visiting-the-taj-mahal-tips/</link>
     <title>visiting the taj mahal tips Archives - Tourist Places</title>
     <description>visiting the taj mahal tips Archives - Tourist Places</description>
     <ror:updatePeriod>daily</ror:updatePeriod>
     <ror:sortOrder>3</ror:sortOrder>
     <ror:resourceOf>sitemap</ror:resourceOf>
</item>
<item>
     <link>https://indiator.com/tourist-places/blog/tag/10-helpful-tips-for-first-time-traveler-to-india/</link>
     <title>10 Helpful tips for first time traveler to India Archives - Tourist Places</title>
     <description>10 Helpful tips for first time traveler to India Archives - Tourist Places</description>
     <ror:updatePeriod>daily</ror:updatePeriod>
     <ror:sortOrder>3</ror:sortOrder>
     <ror:resourceOf>sitemap</ror:resourceOf>
</item>
<item>
     <link>https://indiator.com/tourist-places/blog/tag/advice-for-first-time-visitors-to-india/</link>
     <title>advice for first time visitors to India Archives - Tourist Places</title>
     <description>advice for first time visitors to India Archives - Tourist Places</description>
     <ror:updatePeriod>daily</ror:updatePeriod>
     <ror:sortOrder>3</ror:sortOrder>
     <ror:resourceOf>sitemap</ror:resourceOf>
</item>
<item>
     <link>https://indiator.com/tourist-places/blog/tag/first-timers-to-india/</link>
     <title>first timers to India Archives - Tourist Places</title>
     <description>first timers to India Archives - Tourist Places</description>
     <ror:updatePeriod>daily</ror:updatePeriod>
     <ror:sortOrder>3</ror:sortOrder>
     <ror:resourceOf>sitemap</ror:resourceOf>
</item>
<item>
     <link>https://indiator.com/tourist-places/blog/tag/going-to-india-first-time/</link>
     <title>going to India first time Archives - Tourist Places</title>
     <description>going to India first time Archives - Tourist Places</description>
     <ror:updatePeriod>daily</ror:updatePeriod>
     <ror:sortOrder>3</ror:sortOrder>
     <ror:resourceOf>sitemap</ror:resourceOf>
</item>
<item>
     <link>https://indiator.com/tourist-places/blog/tag/india-for-the-first-time-visitor/</link>
     <title>India for the first-time visitor Archives - Tourist Places</title>
     <description>India for the first-time visitor Archives - Tourist Places</description>
     <ror:updatePeriod>daily</ror:updatePeriod>
     <ror:sortOrder>3</ror:sortOrder>
     <ror:resourceOf>sitemap</ror:resourceOf>
</item>
<item>
     <link>https://indiator.com/tourist-places/blog/tag/tips-for-first-time-traveler-to-india/</link>
     <title>tips for first time traveler to India Archives - Tourist Places</title>
     <description>tips for first time traveler to India Archives - Tourist Places</description>
     <ror:updatePeriod>daily</ror:updatePeriod>
     <ror:sortOrder>3</ror:sortOrder>
     <ror:resourceOf>sitemap</ror:resourceOf>
</item>
<item>
     <link>https://indiator.com/tourist-places/blog/tag/tips-for-first-time-traveling-to-india/</link>
     <title>tips for first time traveling to India Archives - Tourist Places</title>
     <description>tips for first time traveling to India Archives - Tourist Places</description>
     <ror:updatePeriod>daily</ror:updatePeriod>
     <ror:sortOrder>3</ror:sortOrder>
     <ror:resourceOf>sitemap</ror:resourceOf>
</item>
<item>
     <link>https://indiator.com/tourist-places/blog/tag/transport-to-travel-in-india/</link>
     <title>Transport to travel in India Archives - Tourist Places</title>
     <description>Transport to travel in India Archives - Tourist Places</description>
     <ror:updatePeriod>daily</ror:updatePeriod>
     <ror:sortOrder>3</ror:sortOrder>
     <ror:resourceOf>sitemap</ror:resourceOf>
</item>
<item>
     <link>https://indiator.com/tourist-places/blog/tag/travel-to-india-as-a-beginner/</link>
     <title>travel to India as a beginner Archives - Tourist Places</title>
     <description>travel to India as a beginner Archives - Tourist Places</description>
     <ror:updatePeriod>daily</ror:updatePeriod>
     <ror:sortOrder>3</ror:sortOrder>
     <ror:resourceOf>sitemap</ror:resourceOf>
</item>
<item>
     <link>https://indiator.com/tourist-places/blog/tag/travel-to-india-for-the-first-time/</link>
     <title>travel to India for the first-time Archives - Tourist Places</title>
     <description>travel to India for the first-time Archives - Tourist Places</description>
     <ror:updatePeriod>daily</ror:updatePeriod>
     <ror:sortOrder>3</ror:sortOrder>
     <ror:resourceOf>sitemap</ror:resourceOf>
</item>
<item>
     <link>https://indiator.com/tourist-places/blog/tag/bangalore-tour-package/</link>
     <title>Bangalore tour package Archives - Tourist Places</title>
     <description>Bangalore tour package Archives - Tourist Places</description>
     <ror:updatePeriod>daily</ror:updatePeriod>
     <ror:sortOrder>3</ror:sortOrder>
     <ror:resourceOf>sitemap</ror:resourceOf>
</item>
<item>
     <link>https://indiator.com/tourist-places/blog/tag/fascinating-things-to-do-in-bangalore/</link>
     <title>fascinating things to do in Bangalore Archives - Tourist Places</title>
     <description>fascinating things to do in Bangalore Archives - Tourist Places</description>
     <ror:updatePeriod>daily</ror:updatePeriod>
     <ror:sortOrder>3</ror:sortOrder>
     <ror:resourceOf>sitemap</ror:resourceOf>
</item>
<item>
     <link>https://indiator.com/tourist-places/blog/tag/fun-places-in-bangalore-for-couples/</link>
     <title>fun places in bangalore for couples Archives - Tourist Places</title>
     <description>fun places in bangalore for couples Archives - Tourist Places</description>
     <ror:updatePeriod>daily</ror:updatePeriod>
     <ror:sortOrder>3</ror:sortOrder>
     <ror:resourceOf>sitemap</ror:resourceOf>
</item>
<item>
     <link>https://indiator.com/tourist-places/blog/tag/popular-place-to-visit-in-bangalore/</link>
     <title>popular place to visit in Bangalore Archives - Tourist Places</title>
     <description>popular place to visit in Bangalore Archives - Tourist Places</description>
     <ror:updatePeriod>daily</ror:updatePeriod>
     <ror:sortOrder>3</ror:sortOrder>
     <ror:resourceOf>sitemap</ror:resourceOf>
</item>
<item>
     <link>https://indiator.com/tourist-places/blog/tag/romantic-things-to-do-in-bangalore/</link>
     <title>romantic things to do in bangalore Archives - Tourist Places</title>
     <description>romantic things to do in bangalore Archives - Tourist Places</description>
     <ror:updatePeriod>daily</ror:updatePeriod>
     <ror:sortOrder>3</ror:sortOrder>
     <ror:resourceOf>sitemap</ror:resourceOf>
</item>
<item>
     <link>https://indiator.com/tourist-places/blog/tag/sightseeing-place-in-bangalore/</link>
     <title>sightseeing place in Bangalore Archives - Tourist Places</title>
     <description>sightseeing place in Bangalore Archives - Tourist Places</description>
     <ror:updatePeriod>daily</ror:updatePeriod>
     <ror:sortOrder>3</ror:sortOrder>
     <ror:resourceOf>sitemap</ror:resourceOf>
</item>
<item>
     <link>https://indiator.com/tourist-places/blog/tag/the-top-10-things-to-do-in-bengaluru/</link>
     <title>The Top 10 Things to Do in Bengaluru Archives - Tourist Places</title>
     <description>The Top 10 Things to Do in Bengaluru Archives - Tourist Places</description>
     <ror:updatePeriod>daily</ror:updatePeriod>
     <ror:sortOrder>3</ror:sortOrder>
     <ror:resourceOf>sitemap</ror:resourceOf>
</item>
<item>
     <link>https://indiator.com/tourist-places/blog/tag/things-to-do-around-bangalore/</link>
     <title>things to do around bangalore Archives - Tourist Places</title>
     <description>things to do around bangalore Archives - Tourist Places</description>
     <ror:updatePeriod>daily</ror:updatePeriod>
     <ror:sortOrder>3</ror:sortOrder>
     <ror:resourceOf>sitemap</ror:resourceOf>
</item>
<item>
     <link>https://indiator.com/tourist-places/blog/tag/things-to-do-in-bangalore/</link>
     <title>Things to do in Bangalore Archives - Tourist Places</title>
     <description>Things to do in Bangalore Archives - Tourist Places</description>
     <ror:updatePeriod>daily</ror:updatePeriod>
     <ror:sortOrder>3</ror:sortOrder>
     <ror:resourceOf>sitemap</ror:resourceOf>
</item>
<item>
     <link>https://indiator.com/tourist-places/blog/tag/things-to-do-in-bangalore-at-night/</link>
     <title>things to do in bangalore at night Archives - Tourist Places</title>
     <description>things to do in bangalore at night Archives - Tourist Places</description>
     <ror:updatePeriod>daily</ror:updatePeriod>
     <ror:sortOrder>3</ror:sortOrder>
     <ror:resourceOf>sitemap</ror:resourceOf>
</item>
<item>
     <link>https://indiator.com/tourist-places/blog/tag/things-to-do-in-bangalore-for-kids/</link>
     <title>things to do in bangalore for kids Archives - Tourist Places</title>
     <description>things to do in bangalore for kids Archives - Tourist Places</description>
     <ror:updatePeriod>daily</ror:updatePeriod>
     <ror:sortOrder>3</ror:sortOrder>
     <ror:resourceOf>sitemap</ror:resourceOf>
</item>
<item>
     <link>https://indiator.com/tourist-places/blog/tag/things-to-do-in-bangalore-for-youngsters/</link>
     <title>things to do in bangalore for youngsters Archives - Tourist Places</title>
     <description>things to do in bangalore for youngsters Archives - Tourist Places</description>
     <ror:updatePeriod>daily</ror:updatePeriod>
     <ror:sortOrder>3</ror:sortOrder>
     <ror:resourceOf>sitemap</ror:resourceOf>
</item>
<item>
     <link>https://indiator.com/tourist-places/blog/tag/things-to-do-in-bangalore-this-weekend/</link>
     <title>things to do in bangalore this weekend Archives - Tourist Places</title>
     <description>things to do in bangalore this weekend Archives - Tourist Places</description>
     <ror:updatePeriod>daily</ror:updatePeriod>
     <ror:sortOrder>3</ror:sortOrder>
     <ror:resourceOf>sitemap</ror:resourceOf>
</item>
<item>
     <link>https://indiator.com/tourist-places/blog/tag/things-to-do-in-bangalore-today/</link>
     <title>things to do in bangalore today Archives - Tourist Places</title>
     <description>things to do in bangalore today Archives - Tourist Places</description>
     <ror:updatePeriod>daily</ror:updatePeriod>
     <ror:sortOrder>3</ror:sortOrder>
     <ror:resourceOf>sitemap</ror:resourceOf>
</item>
<item>
     <link>https://indiator.com/tourist-places/blog/tag/tourist-attractions-of-bangalore/</link>
     <title>tourist attractions of Bangalore Archives - Tourist Places</title>
     <description>tourist attractions of Bangalore Archives - Tourist Places</description>
     <ror:updatePeriod>daily</ror:updatePeriod>
     <ror:sortOrder>3</ror:sortOrder>
     <ror:resourceOf>sitemap</ror:resourceOf>
</item>
<item>
     <link>https://indiator.com/tourist-places/blog/tag/honeymoon-tour/</link>
     <title>honeymoon tour Archives - Tourist Places</title>
     <description>honeymoon tour Archives - Tourist Places</description>
     <ror:updatePeriod>daily</ror:updatePeriod>
     <ror:sortOrder>3</ror:sortOrder>
     <ror:resourceOf>sitemap</ror:resourceOf>
</item>
<item>
     <link>https://indiator.com/tourist-places/blog/tag/honeymoon-tour-and-travel/</link>
     <title>honeymoon tour and Travel Archives - Tourist Places</title>
     <description>honeymoon tour and Travel Archives - Tourist Places</description>
     <ror:updatePeriod>daily</ror:updatePeriod>
     <ror:sortOrder>3</ror:sortOrder>
     <ror:resourceOf>sitemap</ror:resourceOf>
</item>
<item>
     <link>https://indiator.com/tourist-places/blog/tag/honeymoon-tour-package/</link>
     <title>honeymoon tour package Archives - Tourist Places</title>
     <description>honeymoon tour package Archives - Tourist Places</description>
     <ror:updatePeriod>daily</ror:updatePeriod>
     <ror:sortOrder>3</ror:sortOrder>
     <ror:resourceOf>sitemap</ror:resourceOf>
</item>
<item>
     <link>https://indiator.com/tourist-places/blog/tag/honeymoon-trip-packages/</link>
     <title>honeymoon trip packages Archives - Tourist Places</title>
     <description>honeymoon trip packages Archives - Tourist Places</description>
     <ror:updatePeriod>daily</ror:updatePeriod>
     <ror:sortOrder>3</ror:sortOrder>
     <ror:resourceOf>sitemap</ror:resourceOf>
</item>
<item>
     <link>https://indiator.com/tourist-places/blog/tag/international-honeymoon-destinations/</link>
     <title>international honeymoon destinations Archives - Tourist Places</title>
     <description>international honeymoon destinations Archives - Tourist Places</description>
     <ror:updatePeriod>daily</ror:updatePeriod>
     <ror:sortOrder>3</ror:sortOrder>
     <ror:resourceOf>sitemap</ror:resourceOf>
</item>
</channel>
</rss>
  